[{"model": "accounts.user", "pk": 1, "fields": {"password": "pbkdf2_sha256$216000$UDDqeoXPEOLS$3KdRG9Cub4K1s/QP64fsYpzvH2tfE+sAj+CpufTqx7U=", "last_login": "2020-10-28T19:18:04.239Z", "is_superuser": true, "username": "admin", "first_name": "admin", "last_name": "admin", "email": "admin@admin.com", "is_staff": true, "is_active": true, "date_joined": "2020-10-17T10:27:24Z", "uuid": "63ab3d13-e2eb-4772-a4e6-c3f70bf78959", "bio": "", "location": "", "birth_date": null, "profile_img": "profile_imgs/prfle_VpAp9wH.jpg", "rating": 38, "show_result_popup": true, "groups": [], "user_permissions": []}}, {"model": "accounts.user", "pk": 3, "fields": {"password": "admin42", "last_login": null, "is_superuser": false, "username": "admin42", "first_name": "admin42", "last_name": "admin", "email": "admin42@admin.com", "is_staff": false, "is_active": true, "date_joined": "2020-10-28T18:32:09Z", "uuid": "821c208b-d5aa-475f-8b25-3c57a271a681", "bio": "I am Admin42", "location": "Ukraine", "birth_date": "2020-10-28", "profile_img": "profile_imgs/default.jpeg", "rating": 0, "show_result_popup": true, "groups": [], "user_permissions": []}}, {"model": "accounts.user", "pk": 4, "fields": {"password": "testuser", "last_login": "2020-11-02T14:52:55Z", "is_superuser": false, "username": "testuser", "first_name": "test", "last_name": "user", "email": "testuser@admin.com", "is_staff": false, "is_active": true, "date_joined": "2020-11-02T14:52:44Z", "uuid": "bafa3ec2-3e19-435c-9d18-0d31a70370ba", "bio": "bio", "location": "Ukraine", "birth_date": "2020-11-02", "profile_img": "default.jpeg", "rating": 0, "show_result_popup": false, "groups": [], "user_permissions": []}}, {"model": "testify.test", "pk": 2, "fields": {"uuid": "401a0bc1-060f-4716-a678-75f67a42e029", "name": "test", "company_name": "test", "creation_date": "2020-10-17T14:07:28.692Z", "description": "a", "difficulty": 1, "best_result": 1, "last_run": "2020-11-02T15:40:32.658Z"}}, {"model": "testify.test", "pk": 3, "fields": {"uuid": "cf39f01b-3c5c-4866-b4ef-e80485d807a4", "name": "Basic Math", "company_name": "NASA", "creation_date": "2020-10-29T19:40:11.351Z", "description": "Good test for Astronauts", "difficulty": 3, "best_result": 1, "last_run": "2020-10-29T19:40:09Z"}}, {"model": "testify.question", "pk": 21, "fields": {"test": 2, "question": "What?", "index": 2}}, {"model": "testify.question", "pk": 22, "fields": {"test": 2, "question": "Where?", "index": 3}}, {"model": "testify.question", "pk": 25, "fields": {"test": 2, "question": "Why?", "index": 1}}, {"model": "testify.question", "pk": 26, "fields": {"test": 3, "question": "5*5", "index": 1}}, {"model": "testify.question", "pk": 27, "fields": {"test": 3, "question": "7+7", "index": 2}}, {"model": "testify.question", "pk": 28, "fields": {"test": 3, "question": "1+1", "index": 3}}, {"model": "testify.question", "pk": 29, "fields": {"test": 2, "question": "How", "index": 4}}, {"model": "testify.answer", "pk": 7, "fields": {"question": 21, "text": "Today", "is_correct": false}}, {"model": "testify.answer", "pk": 8, "fields": {"question": 21, "text": "Yesterday", "is_correct": false}}, {"model": "testify.answer", "pk": 9, "fields": {"question": 22, "text": "12313", "is_correct": false}}, {"model": "testify.answer", "pk": 10, "fields": {"question": 22, "text": "Yesterday", "is_correct": false}}, {"model": "testify.answer", "pk": 11, "fields": {"question": 25, "text": "Today", "is_correct": false}}, {"model": "testify.answer", "pk": 12, "fields": {"question": 25, "text": "No", "is_correct": false}}, {"model": "testify.answer", "pk": 13, "fields": {"question": 21, "text": "Boat", "is_correct": true}}, {"model": "testify.answer", "pk": 14, "fields": {"question": 22, "text": "House", "is_correct": true}}, {"model": "testify.answer", "pk": 15, "fields": {"question": 25, "text": "Because", "is_correct": true}}, {"model": "testify.answer", "pk": 16, "fields": {"question": 26, "text": "25", "is_correct": true}}, {"model": "testify.answer", "pk": 17, "fields": {"question": 26, "text": "22", "is_correct": false}}, {"model": "testify.answer", "pk": 18, "fields": {"question": 26, "text": "34", "is_correct": false}}, {"model": "testify.answer", "pk": 19, "fields": {"question": 26, "text": "124124123", "is_correct": false}}, {"model": "testify.answer", "pk": 20, "fields": {"question": 27, "text": "25", "is_correct": false}}, {"model": "testify.answer", "pk": 21, "fields": {"question": 27, "text": "22", "is_correct": false}}, {"model": "testify.answer", "pk": 22, "fields": {"question": 27, "text": "14", "is_correct": true}}, {"model": "testify.answer", "pk": 23, "fields": {"question": 28, "text": "4", "is_correct": false}}, {"model": "testify.answer", "pk": 24, "fields": {"question": 28, "text": "22", "is_correct": false}}, {"model": "testify.answer", "pk": 25, "fields": {"question": 28, "text": "34", "is_correct": false}}, {"model": "testify.answer", "pk": 26, "fields": {"question": 28, "text": "2", "is_correct": true}}, {"model": "testify.answer", "pk": 27, "fields": {"question": 29, "text": "25", "is_correct": false}}, {"model": "testify.answer", "pk": 28, "fields": {"question": 29, "text": "Fly", "is_correct": false}}, {"model": "testify.answer", "pk": 29, "fields": {"question": 29, "text": "Smart", "is_correct": true}}, {"model": "testify.testparticipant", "pk": 22, "fields": {"user": 1, "test": 2, "state": 1, "date_started": "2020-10-23T16:24:58.011Z", "write_date": "2020-10-23T16:31:41.375Z", "num_correct_ans": 0, "num_incorrect_ans": 3, "is_passed": false, "date_complete": "2020-10-23T16:31:41.362Z", "current_question": 3}}, {"model": "testify.testparticipant", "pk": 23, "fields": {"user": 1, "test": 2, "state": 1, "date_started": "2020-10-23T16:34:21.183Z", "write_date": "2020-10-23T16:34:29.306Z", "num_correct_ans": 0, "num_incorrect_ans": 3, "is_passed": false, "date_complete": "2020-10-23T16:34:29.293Z", "current_question": 3}}, {"model": "testify.testparticipant", "pk": 24, "fields": {"user": 1, "test": 2, "state": 1, "date_started": "2020-10-23T16:35:51.973Z", "write_date": "2020-10-23T16:35:58.440Z", "num_correct_ans": 3, "num_incorrect_ans": 0, "is_passed": true, "date_complete": "2020-10-23T16:35:58.428Z", "current_question": 3}}, {"model": "testify.testparticipant", "pk": 25, "fields": {"user": 1, "test": 2, "state": 1, "date_started": "2020-10-23T16:37:39.174Z", "write_date": "2020-10-23T16:37:46.276Z", "num_correct_ans": 1, "num_incorrect_ans": 2, "is_passed": false, "date_complete": "2020-10-23T16:37:46.263Z", "current_question": 3}}, {"model": "testify.testparticipant", "pk": 31, "fields": {"user": 1, "test": 2, "state": 1, "date_started": "2020-10-25T10:00:59.241Z", "write_date": "2020-10-25T10:02:31.692Z", "num_correct_ans": 2, "num_incorrect_ans": 2, "is_passed": false, "date_complete": "2020-10-25T10:02:31.668Z", "current_question": 3}}, {"model": "testify.testparticipant", "pk": 32, "fields": {"user": 1, "test": 2, "state": 1, "date_started": "2020-10-25T10:26:37.211Z", "write_date": "2020-10-25T10:26:43.007Z", "num_correct_ans": 3, "num_incorrect_ans": 0, "is_passed": true, "date_complete": "2020-10-25T10:26:42.992Z", "current_question": 3}}, {"model": "testify.testparticipant", "pk": 33, "fields": {"user": 1, "test": 2, "state": 1, "date_started": "2020-10-25T10:28:09.811Z", "write_date": "2020-10-25T10:28:15.663Z", "num_correct_ans": 3, "num_incorrect_ans": 0, "is_passed": true, "date_complete": "2020-10-25T10:28:15.650Z", "current_question": 3}}, {"model": "testify.testparticipant", "pk": 34, "fields": {"user": 1, "test": 2, "state": 1, "date_started": "2020-10-25T10:29:08.947Z", "write_date": "2020-10-25T10:29:14.924Z", "num_correct_ans": 3, "num_incorrect_ans": 0, "is_passed": true, "date_complete": "2020-10-25T10:29:14.892Z", "current_question": 3}}, {"model": "testify.testparticipant", "pk": 35, "fields": {"user": 1, "test": 2, "state": 1, "date_started": "2020-10-26T11:21:52.423Z", "write_date": "2020-10-26T11:23:09.012Z", "num_correct_ans": 0, "num_incorrect_ans": 3, "is_passed": false, "date_complete": "2020-10-26T11:23:08.785Z", "current_question": 3}}, {"model": "testify.testparticipant", "pk": 36, "fields": {"user": 1, "test": 2, "state": 1, "date_started": "2020-10-26T11:23:28.343Z", "write_date": "2020-10-26T11:23:46.781Z", "num_correct_ans": 1, "num_incorrect_ans": 2, "is_passed": false, "date_complete": "2020-10-26T11:23:46.014Z", "current_question": 3}}, {"model": "testify.testparticipant", "pk": 37, "fields": {"user": 1, "test": 2, "state": 1, "date_started": "2020-10-26T11:23:53.345Z", "write_date": "2020-10-26T11:24:01.356Z", "num_correct_ans": 2, "num_incorrect_ans": 1, "is_passed": true, "date_complete": "2020-10-26T11:24:01.133Z", "current_question": 3}}, {"model": "testify.testparticipant", "pk": 38, "fields": {"user": 1, "test": 2, "state": 1, "date_started": "2020-10-26T11:29:51.186Z", "write_date": "2020-10-26T11:30:24.170Z", "num_correct_ans": 0, "num_incorrect_ans": 3, "is_passed": false, "date_complete": "2020-10-26T11:30:23.329Z", "current_question": 3}}, {"model": "testify.testparticipant", "pk": 39, "fields": {"user": 1, "test": 2, "state": 1, "date_started": "2020-10-26T12:11:28.222Z", "write_date": "2020-10-26T12:11:38.802Z", "num_correct_ans": 2, "num_incorrect_ans": 1, "is_passed": true, "date_complete": "2020-10-26T12:11:38.319Z", "current_question": 3}}, {"model": "testify.testparticipant", "pk": 40, "fields": {"user": 1, "test": 2, "state": 1, "date_started": "2020-10-26T12:13:20.199Z", "write_date": "2020-10-26T12:18:53.105Z", "num_correct_ans": 1, "num_incorrect_ans": 2, "is_passed": false, "date_complete": "2020-10-26T12:18:52.979Z", "current_question": 3}}, {"model": "testify.testparticipant", "pk": 42, "fields": {"user": 1, "test": 2, "state": 1, "date_started": "2020-10-26T12:19:50.125Z", "write_date": "2020-10-26T12:37:25.163Z", "num_correct_ans": 0, "num_incorrect_ans": 3, "is_passed": false, "date_complete": "2020-10-26T12:37:24.690Z", "current_question": 3}}, {"model": "testify.testparticipant", "pk": 45, "fields": {"user": 1, "test": 2, "state": 1, "date_started": "2020-10-26T13:57:19.324Z", "write_date": "2020-10-26T14:03:28.444Z", "num_correct_ans": 2, "num_incorrect_ans": 1, "is_passed": true, "date_complete": "2020-10-26T14:03:27.671Z", "current_question": 3}}, {"model": "testify.testparticipant", "pk": 46, "fields": {"user": 1, "test": 2, "state": 1, "date_started": "2020-10-26T14:05:52.652Z", "write_date": "2020-10-26T14:06:01.674Z", "num_correct_ans": 3, "num_incorrect_ans": 0, "is_passed": true, "date_complete": "2020-10-26T14:06:01.503Z", "current_question": 3}}, {"model": "testify.testparticipant", "pk": 47, "fields": {"user": 1, "test": 2, "state": 1, "date_started": "2020-10-26T14:06:32.027Z", "write_date": "2020-10-26T14:06:40.897Z", "num_correct_ans": 3, "num_incorrect_ans": 0, "is_passed": true, "date_complete": "2020-10-26T14:06:40.113Z", "current_question": 3}}, {"model": "testify.testparticipant", "pk": 48, "fields": {"user": 1, "test": 2, "state": 1, "date_started": "2020-10-26T14:08:23.936Z", "write_date": "2020-10-26T14:08:30.586Z", "num_correct_ans": 3, "num_incorrect_ans": 0, "is_passed": true, "date_complete": "2020-10-26T14:08:30.412Z", "current_question": 3}}, {"model": "testify.testparticipant", "pk": 49, "fields": {"user": 1, "test": 2, "state": 1, "date_started": "2020-10-26T14:10:06.877Z", "write_date": "2020-10-26T14:10:12.332Z", "num_correct_ans": 3, "num_incorrect_ans": 0, "is_passed": true, "date_complete": "2020-10-26T14:10:12.163Z", "current_question": 3}}, {"model": "testify.testparticipant", "pk": 50, "fields": {"user": 1, "test": 2, "state": 1, "date_started": "2020-10-26T14:10:21.551Z", "write_date": "2020-10-26T14:10:32.973Z", "num_correct_ans": 1, "num_incorrect_ans": 2, "is_passed": false, "date_complete": "2020-10-26T14:10:32.557Z", "current_question": 3}}, {"model": "testify.testparticipant", "pk": 51, "fields": {"user": 1, "test": 2, "state": 1, "date_started": "2020-10-26T14:28:15.859Z", "write_date": "2020-10-26T14:28:27.758Z", "num_correct_ans": 2, "num_incorrect_ans": 1, "is_passed": true, "date_complete": "2020-10-26T14:28:26.477Z", "current_question": 3}}, {"model": "testify.testparticipant", "pk": 52, "fields": {"user": 1, "test": 2, "state": 1, "date_started": "2020-10-26T14:29:09.278Z", "write_date": "2020-10-26T14:29:19.244Z", "num_correct_ans": 1, "num_incorrect_ans": 2, "is_passed": false, "date_complete": "2020-10-26T14:29:18.861Z", "current_question": 3}}, {"model": "testify.testparticipant", "pk": 55, "fields": {"user": 1, "test": 2, "state": 1, "date_started": "2020-10-28T13:38:28.284Z", "write_date": "2020-10-28T13:38:33.702Z", "num_correct_ans": 2, "num_incorrect_ans": 1, "is_passed": true, "date_complete": "2020-10-28T13:38:33.693Z", "current_question": 3}}, {"model": "testify.testparticipant", "pk": 56, "fields": {"user": 1, "test": 2, "state": 1, "date_started": "2020-10-28T19:17:41.272Z", "write_date": "2020-10-28T19:17:48.541Z", "num_correct_ans": 3, "num_incorrect_ans": 0, "is_passed": true, "date_complete": "2020-10-28T19:17:48.531Z", "current_question": 3}}, {"model": "testify.testparticipant", "pk": 57, "fields": {"user": 1, "test": 2, "state": 1, "date_started": "2020-10-29T17:59:23.498Z", "write_date": "2020-10-29T18:00:06.500Z", "num_correct_ans": 0, "num_incorrect_ans": 3, "is_passed": false, "date_complete": "2020-10-29T18:00:06.489Z", "current_question": 3}}, {"model": "testify.testparticipant", "pk": 58, "fields": {"user": 1, "test": 2, "state": 1, "date_started": "2020-11-02T15:40:23.947Z", "write_date": "2020-11-02T15:40:32.658Z", "num_correct_ans": 3, "num_incorrect_ans": 0, "is_passed": true, "date_complete": "2020-11-02T15:40:32.648Z", "current_question": 3}}, {"model": "admin.logentry", "pk": 1, "fields": {"action_time": "2020-10-17T10:48:43.968Z", "user": 1, "content_type": 2, "object_id": "1", "object_repr": "test", "action_flag": 1, "change_message": "[{\"added\": {}}]"}}, {"model": "admin.logentry", "pk": 2, "fields": {"action_time": "2020-10-17T10:48:48.772Z", "user": 1, "content_type": 2, "object_id": "1", "object_repr": "test", "action_flag": 2, "change_message": "[]"}}, {"model": "admin.logentry", "pk": 3, "fields": {"action_time": "2020-10-17T10:49:04.183Z", "user": 1, "content_type": 4, "object_id": "1", "object_repr": "Why?", "action_flag": 1, "change_message": "[{\"added\": {}}]"}}, {"model": "admin.logentry", "pk": 4, "fields": {"action_time": "2020-10-17T10:49:35.724Z", "user": 1, "content_type": 4, "object_id": "1", "object_repr": "Why?", "action_flag": 2, "change_message": "[]"}}, {"model": "admin.logentry", "pk": 5, "fields": {"action_time": "2020-10-17T10:49:47.854Z", "user": 1, "content_type": 5, "object_id": "1", "object_repr": "Because", "action_flag": 1, "change_message": "[{\"added\": {}}]"}}, {"model": "admin.logentry", "pk": 6, "fields": {"action_time": "2020-10-17T10:49:52.392Z", "user": 1, "content_type": 2, "object_id": "1", "object_repr": "test", "action_flag": 2, "change_message": "[]"}}, {"model": "admin.logentry", "pk": 7, "fields": {"action_time": "2020-10-17T10:49:56.765Z", "user": 1, "content_type": 4, "object_id": "1", "object_repr": "Why?", "action_flag": 2, "change_message": "[]"}}, {"model": "admin.logentry", "pk": 8, "fields": {"action_time": "2020-10-17T10:52:25.803Z", "user": 1, "content_type": 2, "object_id": "1", "object_repr": "test", "action_flag": 2, "change_message": "[{\"added\": {\"name\": \"question\", \"object\": \"When?\"}}]"}}, {"model": "admin.logentry", "pk": 9, "fields": {"action_time": "2020-10-17T10:59:35.939Z", "user": 1, "content_type": 4, "object_id": "1", "object_repr": "Why?", "action_flag": 2, "change_message": "[{\"added\": {\"name\": \"answer\", \"object\": \"No\"}}]"}}, {"model": "admin.logentry", "pk": 10, "fields": {"action_time": "2020-10-17T10:59:59.587Z", "user": 1, "content_type": 4, "object_id": "2", "object_repr": "When?", "action_flag": 2, "change_message": "[{\"added\": {\"name\": \"answer\", \"object\": \"Today\"}}, {\"added\": {\"name\": \"answer\", \"object\": \"Yesterday\"}}]"}}, {"model": "admin.logentry", "pk": 11, "fields": {"action_time": "2020-10-17T11:01:55.814Z", "user": 1, "content_type": 3, "object_id": "1", "object_repr": "test - admin - score: 0/0", "action_flag": 1, "change_message": "[{\"added\": {}}]"}}, {"model": "admin.logentry", "pk": 12, "fields": {"action_time": "2020-10-17T13:30:12.333Z", "user": 1, "content_type": 2, "object_id": "1", "object_repr": "test", "action_flag": 2, "change_message": "[{\"added\": {\"name\": \"question\", \"object\": \"how\"}}]"}}, {"model": "admin.logentry", "pk": 13, "fields": {"action_time": "2020-10-17T13:32:19.785Z", "user": 1, "content_type": 2, "object_id": "1", "object_repr": "test - 0", "action_flag": 2, "change_message": "[{\"added\": {\"name\": \"question\", \"object\": \"123\"}}]"}}, {"model": "admin.logentry", "pk": 14, "fields": {"action_time": "2020-10-17T13:47:54.236Z", "user": 1, "content_type": 2, "object_id": "1", "object_repr": "test - 0", "action_flag": 2, "change_message": "[{\"added\": {\"name\": \"question\", \"object\": \"321\"}}]"}}, {"model": "admin.logentry", "pk": 15, "fields": {"action_time": "2020-10-17T13:48:25.152Z", "user": 1, "content_type": 4, "object_id": "5", "object_repr": "321", "action_flag": 3, "change_message": ""}}, {"model": "admin.logentry", "pk": 16, "fields": {"action_time": "2020-10-17T13:48:25.163Z", "user": 1, "content_type": 4, "object_id": "4", "object_repr": "123", "action_flag": 3, "change_message": ""}}, {"model": "admin.logentry", "pk": 17, "fields": {"action_time": "2020-10-17T13:48:25.168Z", "user": 1, "content_type": 4, "object_id": "3", "object_repr": "how", "action_flag": 3, "change_message": ""}}, {"model": "admin.logentry", "pk": 18, "fields": {"action_time": "2020-10-17T13:48:25.173Z", "user": 1, "content_type": 4, "object_id": "2", "object_repr": "When?", "action_flag": 3, "change_message": ""}}, {"model": "admin.logentry", "pk": 19, "fields": {"action_time": "2020-10-17T13:48:25.178Z", "user": 1, "content_type": 4, "object_id": "1", "object_repr": "Why?", "action_flag": 3, "change_message": ""}}, {"model": "admin.logentry", "pk": 20, "fields": {"action_time": "2020-10-17T13:49:55.637Z", "user": 1, "content_type": 2, "object_id": "1", "object_repr": "test - 0", "action_flag": 2, "change_message": "[{\"added\": {\"name\": \"question\", \"object\": \"123\"}}]"}}, {"model": "admin.logentry", "pk": 21, "fields": {"action_time": "2020-10-17T13:50:00.699Z", "user": 1, "content_type": 2, "object_id": "1", "object_repr": "test - 0", "action_flag": 2, "change_message": "[]"}}, {"model": "admin.logentry", "pk": 22, "fields": {"action_time": "2020-10-17T13:50:23.272Z", "user": 1, "content_type": 4, "object_id": "7", "object_repr": "1231", "action_flag": 1, "change_message": "[{\"added\": {}}, {\"added\": {\"name\": \"answer\", \"object\": \"Today\"}}]"}}, {"model": "admin.logentry", "pk": 23, "fields": {"action_time": "2020-10-17T13:52:18.436Z", "user": 1, "content_type": 2, "object_id": "1", "object_repr": "test - 0", "action_flag": 2, "change_message": "[{\"added\": {\"name\": \"question\", \"object\": \"2\"}}, {\"changed\": {\"name\": \"question\", \"object\": \"1234\", \"fields\": [\"Question\"]}}]"}}, {"model": "admin.logentry", "pk": 24, "fields": {"action_time": "2020-10-17T13:53:28.648Z", "user": 1, "content_type": 2, "object_id": "1", "object_repr": "test - 0", "action_flag": 2, "change_message": "[{\"added\": {\"name\": \"question\", \"object\": \"41\"}}]"}}, {"model": "admin.logentry", "pk": 25, "fields": {"action_time": "2020-10-17T13:53:50.284Z", "user": 1, "content_type": 4, "object_id": "10", "object_repr": "asdasd", "action_flag": 1, "change_message": "[{\"added\": {}}, {\"added\": {\"name\": \"answer\", \"object\": \"12313\"}}]"}}, {"model": "admin.logentry", "pk": 26, "fields": {"action_time": "2020-10-17T13:54:09.257Z", "user": 1, "content_type": 2, "object_id": "1", "object_repr": "test - 0", "action_flag": 2, "change_message": "[{\"deleted\": {\"name\": \"question\", \"object\": \"1234\"}}, {\"deleted\": {\"name\": \"question\", \"object\": \"1231\"}}, {\"deleted\": {\"name\": \"question\", \"object\": \"2\"}}, {\"deleted\": {\"name\": \"question\", \"object\": \"41\"}}, {\"deleted\": {\"name\": \"question\", \"object\": \"asdasd\"}}]"}}, {"model": "admin.logentry", "pk": 27, "fields": {"action_time": "2020-10-17T13:55:04.065Z", "user": 1, "content_type": 2, "object_id": "1", "object_repr": "test - 0", "action_flag": 2, "change_message": "[{\"added\": {\"name\": \"question\", \"object\": \"1\"}}]"}}, {"model": "admin.logentry", "pk": 28, "fields": {"action_time": "2020-10-17T13:59:12.707Z", "user": 1, "content_type": 2, "object_id": "1", "object_repr": "test - 0", "action_flag": 2, "change_message": "[{\"added\": {\"name\": \"question\", \"object\": \"1231\"}}, {\"changed\": {\"name\": \"question\", \"object\": \"1312\", \"fields\": [\"Question\"]}}]"}}, {"model": "admin.logentry", "pk": 29, "fields": {"action_time": "2020-10-17T13:59:22.045Z", "user": 1, "content_type": 4, "object_id": "13", "object_repr": "12", "action_flag": 1, "change_message": "[{\"added\": {}}]"}}, {"model": "admin.logentry", "pk": 30, "fields": {"action_time": "2020-10-17T14:06:29.369Z", "user": 1, "content_type": 4, "object_id": "13", "object_repr": "12", "action_flag": 3, "change_message": ""}}, {"model": "admin.logentry", "pk": 31, "fields": {"action_time": "2020-10-17T14:06:29.381Z", "user": 1, "content_type": 4, "object_id": "12", "object_repr": "1231", "action_flag": 3, "change_message": ""}}, {"model": "admin.logentry", "pk": 32, "fields": {"action_time": "2020-10-17T14:06:29.387Z", "user": 1, "content_type": 4, "object_id": "11", "object_repr": "1312", "action_flag": 3, "change_message": ""}}, {"model": "admin.logentry", "pk": 33, "fields": {"action_time": "2020-10-17T14:06:35.254Z", "user": 1, "content_type": 2, "object_id": "1", "object_repr": "test - 0", "action_flag": 2, "change_message": "[{\"added\": {\"name\": \"question\", \"object\": \"1\"}}, {\"added\": {\"name\": \"question\", \"object\": \"2\"}}, {\"added\": {\"name\": \"question\", \"object\": \"3\"}}]"}}, {"model": "admin.logentry", "pk": 34, "fields": {"action_time": "2020-10-17T14:07:01.240Z", "user": 1, "content_type": 2, "object_id": "1", "object_repr": "test - 0", "action_flag": 3, "change_message": ""}}, {"model": "admin.logentry", "pk": 35, "fields": {"action_time": "2020-10-17T14:07:28.693Z", "user": 1, "content_type": 2, "object_id": "2", "object_repr": "test - 0", "action_flag": 1, "change_message": "[{\"added\": {}}]"}}, {"model": "admin.logentry", "pk": 36, "fields": {"action_time": "2020-10-17T14:07:33.826Z", "user": 1, "content_type": 2, "object_id": "2", "object_repr": "test - 0", "action_flag": 2, "change_message": "[{\"added\": {\"name\": \"question\", \"object\": \"1\"}}, {\"added\": {\"name\": \"question\", \"object\": \"2\"}}, {\"added\": {\"name\": \"question\", \"object\": \"3\"}}]"}}, {"model": "admin.logentry", "pk": 37, "fields": {"action_time": "2020-10-17T14:10:53.512Z", "user": 1, "content_type": 2, "object_id": "2", "object_repr": "test - 0", "action_flag": 2, "change_message": "[{\"deleted\": {\"name\": \"question\", \"object\": \"1\"}}, {\"deleted\": {\"name\": \"question\", \"object\": \"2\"}}, {\"deleted\": {\"name\": \"question\", \"object\": \"3\"}}]"}}, {"model": "admin.logentry", "pk": 38, "fields": {"action_time": "2020-10-17T14:16:54.598Z", "user": 1, "content_type": 2, "object_id": "2", "object_repr": "test - 0", "action_flag": 2, "change_message": "[]"}}, {"model": "admin.logentry", "pk": 39, "fields": {"action_time": "2020-10-17T14:35:46.791Z", "user": 1, "content_type": 2, "object_id": "2", "object_repr": "test - 0", "action_flag": 2, "change_message": "[{\"added\": {\"name\": \"question\", \"object\": \"1\"}}]"}}, {"model": "admin.logentry", "pk": 40, "fields": {"action_time": "2020-10-17T14:35:56.179Z", "user": 1, "content_type": 2, "object_id": "2", "object_repr": "test - 0", "action_flag": 2, "change_message": "[{\"added\": {\"name\": \"question\", \"object\": \"431\"}}]"}}, {"model": "admin.logentry", "pk": 41, "fields": {"action_time": "2020-10-17T14:36:55.629Z", "user": 1, "content_type": 2, "object_id": "2", "object_repr": "test - 0", "action_flag": 2, "change_message": "[{\"added\": {\"name\": \"question\", \"object\": \"123\"}}]"}}, {"model": "admin.logentry", "pk": 42, "fields": {"action_time": "2020-10-17T14:38:42.113Z", "user": 1, "content_type": 2, "object_id": "2", "object_repr": "test - 0", "action_flag": 2, "change_message": "[{\"added\": {\"name\": \"question\", \"object\": \"4321\"}}]"}}, {"model": "admin.logentry", "pk": 43, "fields": {"action_time": "2020-10-17T14:39:47.893Z", "user": 1, "content_type": 2, "object_id": "2", "object_repr": "test - 5", "action_flag": 2, "change_message": "[{\"added\": {\"name\": \"question\", \"object\": \"31212312\"}}]"}}, {"model": "admin.logentry", "pk": 44, "fields": {"action_time": "2020-10-17T14:50:13.414Z", "user": 1, "content_type": 2, "object_id": "2", "object_repr": "test - 5", "action_flag": 2, "change_message": "[{\"deleted\": {\"name\": \"question\", \"object\": \"4321\"}}, {\"deleted\": {\"name\": \"question\", \"object\": \"31212312\"}}]"}}, {"model": "admin.logentry", "pk": 45, "fields": {"action_time": "2020-10-17T14:52:15.115Z", "user": 1, "content_type": 4, "object_id": "20", "object_repr": "1", "action_flag": 3, "change_message": ""}}, {"model": "admin.logentry", "pk": 46, "fields": {"action_time": "2020-10-17T14:54:43.037Z", "user": 1, "content_type": 2, "object_id": "2", "object_repr": "test - 3", "action_flag": 2, "change_message": "[{\"added\": {\"name\": \"question\", \"object\": \"4444\"}}]"}}, {"model": "admin.logentry", "pk": 47, "fields": {"action_time": "2020-10-17T23:03:35.369Z", "user": 1, "content_type": 4, "object_id": "21", "object_repr": "431", "action_flag": 2, "change_message": "[{\"added\": {\"name\": \"answer\", \"object\": \"Today\"}}, {\"added\": {\"name\": \"answer\", \"object\": \"Yesterday\"}}]"}}, {"model": "admin.logentry", "pk": 48, "fields": {"action_time": "2020-10-17T23:03:43.068Z", "user": 1, "content_type": 4, "object_id": "22", "object_repr": "123", "action_flag": 2, "change_message": "[{\"added\": {\"name\": \"answer\", \"object\": \"12313\"}}, {\"added\": {\"name\": \"answer\", \"object\": \"Yesterday\"}}]"}}, {"model": "admin.logentry", "pk": 49, "fields": {"action_time": "2020-10-17T23:03:52.761Z", "user": 1, "content_type": 4, "object_id": "25", "object_repr": "4444", "action_flag": 2, "change_message": "[{\"added\": {\"name\": \"answer\", \"object\": \"Today\"}}, {\"added\": {\"name\": \"answer\", \"object\": \"No\"}}]"}}, {"model": "admin.logentry", "pk": 50, "fields": {"action_time": "2020-10-17T23:18:15.195Z", "user": 1, "content_type": 1, "object_id": "1", "object_repr": "admin", "action_flag": 2, "change_message": "[]"}}, {"model": "admin.logentry", "pk": 51, "fields": {"action_time": "2020-10-18T06:29:06.617Z", "user": 1, "content_type": 3, "object_id": "7", "object_repr": "test - admin - score: 0/3", "action_flag": 3, "change_message": ""}}, {"model": "admin.logentry", "pk": 52, "fields": {"action_time": "2020-10-18T06:29:06.625Z", "user": 1, "content_type": 3, "object_id": "6", "object_repr": "test - admin - score: 0/3", "action_flag": 3, "change_message": ""}}, {"model": "admin.logentry", "pk": 53, "fields": {"action_time": "2020-10-18T06:29:06.630Z", "user": 1, "content_type": 3, "object_id": "5", "object_repr": "test - admin - score: 0/3", "action_flag": 3, "change_message": ""}}, {"model": "admin.logentry", "pk": 54, "fields": {"action_time": "2020-10-18T06:29:06.636Z", "user": 1, "content_type": 3, "object_id": "4", "object_repr": "test - admin - score: 0/3", "action_flag": 3, "change_message": ""}}, {"model": "admin.logentry", "pk": 55, "fields": {"action_time": "2020-10-18T06:29:06.641Z", "user": 1, "content_type": 3, "object_id": "3", "object_repr": "test - admin - score: 0/3", "action_flag": 3, "change_message": ""}}, {"model": "admin.logentry", "pk": 56, "fields": {"action_time": "2020-10-18T06:29:06.646Z", "user": 1, "content_type": 3, "object_id": "2", "object_repr": "test - admin - score: 0/3", "action_flag": 3, "change_message": ""}}, {"model": "admin.logentry", "pk": 57, "fields": {"action_time": "2020-10-18T06:47:29.861Z", "user": 1, "content_type": 3, "object_id": "10", "object_repr": "test - admin - score: 0/3", "action_flag": 3, "change_message": ""}}, {"model": "admin.logentry", "pk": 58, "fields": {"action_time": "2020-10-18T06:47:29.873Z", "user": 1, "content_type": 3, "object_id": "9", "object_repr": "test - admin - score: 0/3", "action_flag": 3, "change_message": ""}}, {"model": "admin.logentry", "pk": 59, "fields": {"action_time": "2020-10-18T06:47:29.879Z", "user": 1, "content_type": 3, "object_id": "8", "object_repr": "test - admin - score: 0/3", "action_flag": 3, "change_message": ""}}, {"model": "admin.logentry", "pk": 60, "fields": {"action_time": "2020-10-18T07:01:59.821Z", "user": 1, "content_type": 3, "object_id": "26", "object_repr": "test - admin - score: 0/3", "action_flag": 3, "change_message": ""}}, {"model": "admin.logentry", "pk": 61, "fields": {"action_time": "2020-10-18T07:01:59.833Z", "user": 1, "content_type": 3, "object_id": "25", "object_repr": "test - admin - score: 0/3", "action_flag": 3, "change_message": ""}}, {"model": "admin.logentry", "pk": 62, "fields": {"action_time": "2020-10-18T07:01:59.838Z", "user": 1, "content_type": 3, "object_id": "24", "object_repr": "test - admin - score: 0/3", "action_flag": 3, "change_message": ""}}, {"model": "admin.logentry", "pk": 63, "fields": {"action_time": "2020-10-18T07:01:59.843Z", "user": 1, "content_type": 3, "object_id": "23", "object_repr": "test - admin - score: 0/3", "action_flag": 3, "change_message": ""}}, {"model": "admin.logentry", "pk": 64, "fields": {"action_time": "2020-10-18T07:01:59.850Z", "user": 1, "content_type": 3, "object_id": "22", "object_repr": "test - admin - score: 0/3", "action_flag": 3, "change_message": ""}}, {"model": "admin.logentry", "pk": 65, "fields": {"action_time": "2020-10-18T07:01:59.858Z", "user": 1, "content_type": 3, "object_id": "21", "object_repr": "test - admin - score: 0/3", "action_flag": 3, "change_message": ""}}, {"model": "admin.logentry", "pk": 66, "fields": {"action_time": "2020-10-18T07:01:59.865Z", "user": 1, "content_type": 3, "object_id": "20", "object_repr": "test - admin - score: 0/3", "action_flag": 3, "change_message": ""}}, {"model": "admin.logentry", "pk": 67, "fields": {"action_time": "2020-10-18T07:01:59.873Z", "user": 1, "content_type": 3, "object_id": "19", "object_repr": "test - admin - score: 0/3", "action_flag": 3, "change_message": ""}}, {"model": "admin.logentry", "pk": 68, "fields": {"action_time": "2020-10-18T07:01:59.880Z", "user": 1, "content_type": 3, "object_id": "18", "object_repr": "test - admin - score: 0/3", "action_flag": 3, "change_message": ""}}, {"model": "admin.logentry", "pk": 69, "fields": {"action_time": "2020-10-18T07:01:59.892Z", "user": 1, "content_type": 3, "object_id": "17", "object_repr": "test - admin - score: 0/3", "action_flag": 3, "change_message": ""}}, {"model": "admin.logentry", "pk": 70, "fields": {"action_time": "2020-10-18T07:01:59.910Z", "user": 1, "content_type": 3, "object_id": "16", "object_repr": "test - admin - score: 0/3", "action_flag": 3, "change_message": ""}}, {"model": "admin.logentry", "pk": 71, "fields": {"action_time": "2020-10-18T07:01:59.921Z", "user": 1, "content_type": 3, "object_id": "15", "object_repr": "test - admin - score: 0/3", "action_flag": 3, "change_message": ""}}, {"model": "admin.logentry", "pk": 72, "fields": {"action_time": "2020-10-18T07:01:59.929Z", "user": 1, "content_type": 3, "object_id": "14", "object_repr": "test - admin - score: 0/3", "action_flag": 3, "change_message": ""}}, {"model": "admin.logentry", "pk": 73, "fields": {"action_time": "2020-10-18T07:01:59.937Z", "user": 1, "content_type": 3, "object_id": "13", "object_repr": "test - admin - score: 0/3", "action_flag": 3, "change_message": ""}}, {"model": "admin.logentry", "pk": 74, "fields": {"action_time": "2020-10-18T07:01:59.944Z", "user": 1, "content_type": 3, "object_id": "12", "object_repr": "test - admin - score: 0/3", "action_flag": 3, "change_message": ""}}, {"model": "admin.logentry", "pk": 75, "fields": {"action_time": "2020-10-18T07:01:59.952Z", "user": 1, "content_type": 3, "object_id": "11", "object_repr": "test - admin - score: 0/3", "action_flag": 3, "change_message": ""}}, {"model": "admin.logentry", "pk": 76, "fields": {"action_time": "2020-10-18T08:27:14.725Z", "user": 1, "content_type": 3, "object_id": "33", "object_repr": "test - admin - score: 0/3", "action_flag": 3, "change_message": ""}}, {"model": "admin.logentry", "pk": 77, "fields": {"action_time": "2020-10-18T08:27:14.738Z", "user": 1, "content_type": 3, "object_id": "32", "object_repr": "test - admin - score: 0/3", "action_flag": 3, "change_message": ""}}, {"model": "admin.logentry", "pk": 78, "fields": {"action_time": "2020-10-18T08:27:14.744Z", "user": 1, "content_type": 3, "object_id": "31", "object_repr": "test - admin - score: 0/3", "action_flag": 3, "change_message": ""}}, {"model": "admin.logentry", "pk": 79, "fields": {"action_time": "2020-10-18T08:27:14.750Z", "user": 1, "content_type": 3, "object_id": "30", "object_repr": "test - admin - score: 0/3", "action_flag": 3, "change_message": ""}}, {"model": "admin.logentry", "pk": 80, "fields": {"action_time": "2020-10-18T08:27:14.757Z", "user": 1, "content_type": 3, "object_id": "29", "object_repr": "test - admin - score: 0/3", "action_flag": 3, "change_message": ""}}, {"model": "admin.logentry", "pk": 81, "fields": {"action_time": "2020-10-18T08:27:14.764Z", "user": 1, "content_type": 3, "object_id": "28", "object_repr": "test - admin - score: 0/3", "action_flag": 3, "change_message": ""}}, {"model": "admin.logentry", "pk": 82, "fields": {"action_time": "2020-10-18T08:27:14.771Z", "user": 1, "content_type": 3, "object_id": "27", "object_repr": "test - admin - score: 0/3", "action_flag": 3, "change_message": ""}}, {"model": "admin.logentry", "pk": 83, "fields": {"action_time": "2020-10-18T09:51:15.915Z", "user": 1, "content_type": 2, "object_id": "2", "object_repr": "test - 3", "action_flag": 2, "change_message": "[{\"changed\": {\"name\": \"question\", \"object\": \"What?\", \"fields\": [\"Question\"]}}, {\"changed\": {\"name\": \"question\", \"object\": \"Where?\", \"fields\": [\"Question\"]}}, {\"changed\": {\"name\": \"question\", \"object\": \"Why?\", \"fields\": [\"Question\"]}}]"}}, {"model": "admin.logentry", "pk": 84, "fields": {"action_time": "2020-10-18T09:56:41.088Z", "user": 1, "content_type": 2, "object_id": "2", "object_repr": "test - 3", "action_flag": 2, "change_message": "[]"}}, {"model": "admin.logentry", "pk": 85, "fields": {"action_time": "2020-10-18T09:57:07.678Z", "user": 1, "content_type": 2, "object_id": "2", "object_repr": "test - 3", "action_flag": 2, "change_message": "[{\"changed\": {\"name\": \"question\", \"object\": \"What?\", \"fields\": [\"Index\"]}}, {\"changed\": {\"name\": \"question\", \"object\": \"Where?\", \"fields\": [\"Index\"]}}, {\"changed\": {\"name\": \"question\", \"object\": \"Why?\", \"fields\": [\"Index\"]}}]"}}, {"model": "admin.logentry", "pk": 86, "fields": {"action_time": "2020-10-18T09:57:30.194Z", "user": 1, "content_type": 4, "object_id": "21", "object_repr": "What?", "action_flag": 2, "change_message": "[{\"added\": {\"name\": \"answer\", \"object\": \"Boat\"}}]"}}, {"model": "admin.logentry", "pk": 87, "fields": {"action_time": "2020-10-18T09:57:52.318Z", "user": 1, "content_type": 4, "object_id": "22", "object_repr": "Where?", "action_flag": 2, "change_message": "[{\"added\": {\"name\": \"answer\", \"object\": \"House\"}}]"}}, {"model": "admin.logentry", "pk": 88, "fields": {"action_time": "2020-10-18T09:58:03.570Z", "user": 1, "content_type": 4, "object_id": "25", "object_repr": "Why?", "action_flag": 2, "change_message": "[{\"added\": {\"name\": \"answer\", \"object\": \"Because\"}}]"}}, {"model": "admin.logentry", "pk": 89, "fields": {"action_time": "2020-10-20T09:11:45.045Z", "user": 1, "content_type": 4, "object_id": "21", "object_repr": "What?", "action_flag": 2, "change_message": "[{\"changed\": {\"name\": \"answer\", \"object\": \"Yesterday\", \"fields\": [\"Is correct\"]}}]"}}, {"model": "admin.logentry", "pk": 90, "fields": {"action_time": "2020-10-20T09:11:52.734Z", "user": 1, "content_type": 4, "object_id": "25", "object_repr": "Why?", "action_flag": 2, "change_message": "[{\"changed\": {\"name\": \"answer\", \"object\": \"Today\", \"fields\": [\"Is correct\"]}}, {\"changed\": {\"name\": \"answer\", \"object\": \"No\", \"fields\": [\"Is correct\"]}}]"}}, {"model": "admin.logentry", "pk": 91, "fields": {"action_time": "2020-10-20T09:11:57.889Z", "user": 1, "content_type": 4, "object_id": "25", "object_repr": "Why?", "action_flag": 2, "change_message": "[{\"changed\": {\"name\": \"answer\", \"object\": \"Today\", \"fields\": [\"Is correct\"]}}, {\"changed\": {\"name\": \"answer\", \"object\": \"No\", \"fields\": [\"Is correct\"]}}]"}}, {"model": "admin.logentry", "pk": 92, "fields": {"action_time": "2020-10-20T09:13:12.347Z", "user": 1, "content_type": 4, "object_id": "22", "object_repr": "Where?", "action_flag": 2, "change_message": "[]"}}, {"model": "admin.logentry", "pk": 93, "fields": {"action_time": "2020-10-20T09:13:16.017Z", "user": 1, "content_type": 4, "object_id": "25", "object_repr": "Why?", "action_flag": 2, "change_message": "[]"}}, {"model": "admin.logentry", "pk": 94, "fields": {"action_time": "2020-10-20T09:13:22.359Z", "user": 1, "content_type": 4, "object_id": "22", "object_repr": "Where?", "action_flag": 2, "change_message": "[{\"changed\": {\"name\": \"answer\", \"object\": \"12313\", \"fields\": [\"Is correct\"]}}, {\"changed\": {\"name\": \"answer\", \"object\": \"Yesterday\", \"fields\": [\"Is correct\"]}}]"}}, {"model": "admin.logentry", "pk": 95, "fields": {"action_time": "2020-10-20T09:13:27.012Z", "user": 1, "content_type": 4, "object_id": "22", "object_repr": "Where?", "action_flag": 2, "change_message": "[{\"changed\": {\"name\": \"answer\", \"object\": \"12313\", \"fields\": [\"Is correct\"]}}, {\"changed\": {\"name\": \"answer\", \"object\": \"Yesterday\", \"fields\": [\"Is correct\"]}}]"}}, {"model": "admin.logentry", "pk": 96, "fields": {"action_time": "2020-10-20T09:14:05.753Z", "user": 1, "content_type": 4, "object_id": "21", "object_repr": "What?", "action_flag": 2, "change_message": "[{\"changed\": {\"name\": \"answer\", \"object\": \"Yesterday\", \"fields\": [\"Is correct\"]}}]"}}, {"model": "admin.logentry", "pk": 97, "fields": {"action_time": "2020-10-20T09:15:51.289Z", "user": 1, "content_type": 4, "object_id": "21", "object_repr": "What?", "action_flag": 2, "change_message": "[{\"changed\": {\"name\": \"answer\", \"object\": \"Boat\", \"fields\": [\"Is correct\"]}}]"}}, {"model": "admin.logentry", "pk": 98, "fields": {"action_time": "2020-10-20T09:15:57.946Z", "user": 1, "content_type": 4, "object_id": "21", "object_repr": "What?", "action_flag": 2, "change_message": "[{\"changed\": {\"name\": \"answer\", \"object\": \"Boat\", \"fields\": [\"Is correct\"]}}]"}}, {"model": "admin.logentry", "pk": 99, "fields": {"action_time": "2020-10-20T09:22:40.448Z", "user": 1, "content_type": 4, "object_id": "25", "object_repr": "Why?", "action_flag": 2, "change_message": "[]"}}, {"model": "admin.logentry", "pk": 100, "fields": {"action_time": "2020-10-20T11:32:27.242Z", "user": 1, "content_type": 4, "object_id": "25", "object_repr": "Why?", "action_flag": 2, "change_message": "[]"}}, {"model": "admin.logentry", "pk": 101, "fields": {"action_time": "2020-10-20T11:32:36.324Z", "user": 1, "content_type": 4, "object_id": "25", "object_repr": "Why?", "action_flag": 2, "change_message": "[]"}}, {"model": "admin.logentry", "pk": 102, "fields": {"action_time": "2020-10-20T11:33:00.477Z", "user": 1, "content_type": 4, "object_id": "22", "object_repr": "Where?", "action_flag": 2, "change_message": "[]"}}, {"model": "admin.logentry", "pk": 103, "fields": {"action_time": "2020-10-20T11:33:18.031Z", "user": 1, "content_type": 4, "object_id": "22", "object_repr": "Where?", "action_flag": 2, "change_message": "[]"}}, {"model": "admin.logentry", "pk": 104, "fields": {"action_time": "2020-10-20T12:34:23.976Z", "user": 1, "content_type": 2, "object_id": "2", "object_repr": "test - 3", "action_flag": 2, "change_message": "[]"}}, {"model": "admin.logentry", "pk": 105, "fields": {"action_time": "2020-10-21T10:26:00.600Z", "user": 1, "content_type": 2, "object_id": "2", "object_repr": "test - 3", "action_flag": 2, "change_message": "[]"}}, {"model": "admin.logentry", "pk": 106, "fields": {"action_time": "2020-10-21T10:27:03.458Z", "user": 1, "content_type": 2, "object_id": "2", "object_repr": "test - 3", "action_flag": 2, "change_message": "[{\"changed\": {\"name\": \"question\", \"object\": \"What?\", \"fields\": [\"Index\"]}}, {\"changed\": {\"name\": \"question\", \"object\": \"Where?\", \"fields\": [\"Index\"]}}, {\"changed\": {\"name\": \"question\", \"object\": \"Why?\", \"fields\": [\"Index\"]}}]"}}, {"model": "admin.logentry", "pk": 107, "fields": {"action_time": "2020-10-23T14:16:48.387Z", "user": 1, "content_type": 3, "object_id": "2", "object_repr": "test - admin - score: 0", "action_flag": 3, "change_message": ""}}, {"model": "admin.logentry", "pk": 108, "fields": {"action_time": "2020-10-23T14:16:51.945Z", "user": 1, "content_type": 3, "object_id": "1", "object_repr": "test - admin - score: 0", "action_flag": 3, "change_message": ""}}, {"model": "admin.logentry", "pk": 109, "fields": {"action_time": "2020-10-23T14:53:23.200Z", "user": 1, "content_type": 3, "object_id": "1", "object_repr": "test - admin - score: 0", "action_flag": 3, "change_message": ""}}, {"model": "admin.logentry", "pk": 110, "fields": {"action_time": "2020-10-23T14:56:50.540Z", "user": 1, "content_type": 3, "object_id": "2", "object_repr": "test - admin - score: 1", "action_flag": 3, "change_message": ""}}, {"model": "admin.logentry", "pk": 111, "fields": {"action_time": "2020-10-23T15:07:21.305Z", "user": 1, "content_type": 3, "object_id": "4", "object_repr": "test - admin - score: 0", "action_flag": 3, "change_message": ""}}, {"model": "admin.logentry", "pk": 112, "fields": {"action_time": "2020-10-23T15:07:25.488Z", "user": 1, "content_type": 3, "object_id": "3", "object_repr": "test - admin - score: 3", "action_flag": 3, "change_message": ""}}, {"model": "admin.logentry", "pk": 113, "fields": {"action_time": "2020-10-23T15:11:11.541Z", "user": 1, "content_type": 3, "object_id": "5", "object_repr": "test - admin - score: 0", "action_flag": 2, "change_message": "[{\"changed\": {\"fields\": [\"Num incorrect ans\", \"Time spent\"]}}]"}}, {"model": "admin.logentry", "pk": 114, "fields": {"action_time": "2020-10-23T15:11:43.367Z", "user": 1, "content_type": 3, "object_id": "5", "object_repr": "test - admin - score: 0", "action_flag": 3, "change_message": ""}}, {"model": "admin.logentry", "pk": 115, "fields": {"action_time": "2020-10-23T15:57:34.637Z", "user": 1, "content_type": 3, "object_id": "9", "object_repr": "test - admin - score: 0", "action_flag": 3, "change_message": ""}}, {"model": "admin.logentry", "pk": 116, "fields": {"action_time": "2020-10-23T15:57:34.648Z", "user": 1, "content_type": 3, "object_id": "8", "object_repr": "test - admin - score: 3", "action_flag": 3, "change_message": ""}}, {"model": "admin.logentry", "pk": 117, "fields": {"action_time": "2020-10-23T15:57:34.653Z", "user": 1, "content_type": 3, "object_id": "7", "object_repr": "test - admin - score: 3", "action_flag": 3, "change_message": ""}}, {"model": "admin.logentry", "pk": 118, "fields": {"action_time": "2020-10-23T15:57:34.658Z", "user": 1, "content_type": 3, "object_id": "6", "object_repr": "test - admin - score: 4", "action_flag": 3, "change_message": ""}}, {"model": "admin.logentry", "pk": 119, "fields": {"action_time": "2020-10-23T15:58:28.078Z", "user": 1, "content_type": 3, "object_id": "10", "object_repr": "test - admin - score: 3", "action_flag": 3, "change_message": ""}}, {"model": "admin.logentry", "pk": 120, "fields": {"action_time": "2020-10-23T16:21:42.410Z", "user": 1, "content_type": 3, "object_id": "18", "object_repr": "test - admin - score: 0", "action_flag": 3, "change_message": ""}}, {"model": "admin.logentry", "pk": 121, "fields": {"action_time": "2020-10-23T16:21:42.415Z", "user": 1, "content_type": 3, "object_id": "17", "object_repr": "test - admin - score: 3", "action_flag": 3, "change_message": ""}}, {"model": "admin.logentry", "pk": 122, "fields": {"action_time": "2020-10-23T16:21:42.420Z", "user": 1, "content_type": 3, "object_id": "16", "object_repr": "test - admin - score: 3", "action_flag": 3, "change_message": ""}}, {"model": "admin.logentry", "pk": 123, "fields": {"action_time": "2020-10-23T16:21:42.425Z", "user": 1, "content_type": 3, "object_id": "15", "object_repr": "test - admin - score: 3", "action_flag": 3, "change_message": ""}}, {"model": "admin.logentry", "pk": 124, "fields": {"action_time": "2020-10-23T16:21:42.430Z", "user": 1, "content_type": 3, "object_id": "14", "object_repr": "test - admin - score: 1", "action_flag": 3, "change_message": ""}}, {"model": "admin.logentry", "pk": 125, "fields": {"action_time": "2020-10-23T16:21:42.436Z", "user": 1, "content_type": 3, "object_id": "13", "object_repr": "test - admin - score: 1", "action_flag": 3, "change_message": ""}}, {"model": "admin.logentry", "pk": 126, "fields": {"action_time": "2020-10-23T16:21:42.443Z", "user": 1, "content_type": 3, "object_id": "12", "object_repr": "test - admin - score: 3", "action_flag": 3, "change_message": ""}}, {"model": "admin.logentry", "pk": 127, "fields": {"action_time": "2020-10-23T16:21:42.451Z", "user": 1, "content_type": 3, "object_id": "11", "object_repr": "test - admin - score: 3", "action_flag": 3, "change_message": ""}}, {"model": "admin.logentry", "pk": 128, "fields": {"action_time": "2020-10-25T06:02:15.967Z", "user": 1, "content_type": 2, "object_id": "2", "object_repr": "test - 3", "action_flag": 2, "change_message": "[{\"changed\": {\"fields\": [\"Best result\"]}}]"}}, {"model": "admin.logentry", "pk": 129, "fields": {"action_time": "2020-10-26T13:57:11.884Z", "user": 1, "content_type": 3, "object_id": "44", "object_repr": "test - admin", "action_flag": 3, "change_message": ""}}, {"model": "admin.logentry", "pk": 130, "fields": {"action_time": "2020-10-28T18:20:23.165Z", "user": 1, "content_type": 1, "object_id": "1", "object_repr": "admin", "action_flag": 2, "change_message": "[{\"changed\": {\"fields\": [\"Profile img\"]}}]"}}, {"model": "admin.logentry", "pk": 131, "fields": {"action_time": "2020-10-28T18:32:06.912Z", "user": 1, "content_type": 1, "object_id": "2", "object_repr": "admin42", "action_flag": 3, "change_message": ""}}, {"model": "admin.logentry", "pk": 132, "fields": {"action_time": "2020-10-28T18:32:47.294Z", "user": 1, "content_type": 1, "object_id": "3", "object_repr": "admin42", "action_flag": 1, "change_message": "[{\"added\": {}}]"}}, {"model": "admin.logentry", "pk": 133, "fields": {"action_time": "2020-10-28T18:48:49.588Z", "user": 1, "content_type": 1, "object_id": "3", "object_repr": "admin42", "action_flag": 2, "change_message": "[{\"changed\": {\"fields\": [\"Profile img\"]}}]"}}, {"model": "admin.logentry", "pk": 134, "fields": {"action_time": "2020-10-28T18:51:40.902Z", "user": 1, "content_type": 1, "object_id": "3", "object_repr": "admin42", "action_flag": 2, "change_message": "[{\"changed\": {\"fields\": [\"Password\"]}}]"}}, {"model": "admin.logentry", "pk": 135, "fields": {"action_time": "2020-10-28T18:57:32.962Z", "user": 1, "content_type": 1, "object_id": "1", "object_repr": "admin", "action_flag": 2, "change_message": "[{\"changed\": {\"fields\": [\"Profile img\"]}}]"}}, {"model": "admin.logentry", "pk": 136, "fields": {"action_time": "2020-10-28T19:17:12.492Z", "user": 1, "content_type": 1, "object_id": "3", "object_repr": "admin42", "action_flag": 2, "change_message": "[{\"changed\": {\"fields\": [\"Profile img\"]}}]"}}, {"model": "admin.logentry", "pk": 137, "fields": {"action_time": "2020-10-29T19:40:11.355Z", "user": 1, "content_type": 2, "object_id": "3", "object_repr": "Basic Math - 3", "action_flag": 1, "change_message": "[{\"added\": {}}, {\"added\": {\"name\": \"question\", \"object\": \"5*5\"}}, {\"added\": {\"name\": \"question\", \"object\": \"7+7\"}}, {\"added\": {\"name\": \"question\", \"object\": \"1+1\"}}]"}}, {"model": "admin.logentry", "pk": 138, "fields": {"action_time": "2020-10-29T19:40:35.533Z", "user": 1, "content_type": 4, "object_id": "26", "object_repr": "5*5", "action_flag": 2, "change_message": "[{\"added\": {\"name\": \"answer\", \"object\": \"25\"}}, {\"added\": {\"name\": \"answer\", \"object\": \"22\"}}, {\"added\": {\"name\": \"answer\", \"object\": \"34\"}}, {\"added\": {\"name\": \"answer\", \"object\": \"124124123\"}}]"}}, {"model": "admin.logentry", "pk": 139, "fields": {"action_time": "2020-10-29T19:41:05.348Z", "user": 1, "content_type": 4, "object_id": "27", "object_repr": "7+7", "action_flag": 2, "change_message": "[{\"added\": {\"name\": \"answer\", \"object\": \"25\"}}, {\"added\": {\"name\": \"answer\", \"object\": \"22\"}}, {\"added\": {\"name\": \"answer\", \"object\": \"14\"}}]"}}, {"model": "admin.logentry", "pk": 140, "fields": {"action_time": "2020-10-29T19:41:24.687Z", "user": 1, "content_type": 4, "object_id": "28", "object_repr": "1+1", "action_flag": 2, "change_message": "[{\"added\": {\"name\": \"answer\", \"object\": \"4\"}}, {\"added\": {\"name\": \"answer\", \"object\": \"22\"}}, {\"added\": {\"name\": \"answer\", \"object\": \"34\"}}, {\"added\": {\"name\": \"answer\", \"object\": \"2\"}}]"}}, {"model": "admin.logentry", "pk": 141, "fields": {"action_time": "2020-10-29T19:41:44.822Z", "user": 1, "content_type": 2, "object_id": "3", "object_repr": "Basic Math - 3", "action_flag": 2, "change_message": "[{\"changed\": {\"fields\": [\"Difficulty\"]}}]"}}, {"model": "admin.logentry", "pk": 142, "fields": {"action_time": "2020-10-29T19:41:58.267Z", "user": 1, "content_type": 2, "object_id": "3", "object_repr": "Basic Math - 3", "action_flag": 2, "change_message": "[{\"changed\": {\"fields\": [\"Difficulty\"]}}]"}}, {"model": "admin.logentry", "pk": 143, "fields": {"action_time": "2020-11-02T14:53:28.375Z", "user": 1, "content_type": 1, "object_id": "4", "object_repr": "testuser", "action_flag": 1, "change_message": "[{\"added\": {}}]"}}, {"model": "admin.logentry", "pk": 144, "fields": {"action_time": "2020-11-02T17:20:29.791Z", "user": 1, "content_type": 4, "object_id": "29", "object_repr": "How", "action_flag": 1, "change_message": "[{\"added\": {}}, {\"added\": {\"name\": \"answer\", \"object\": \"25\"}}, {\"added\": {\"name\": \"answer\", \"object\": \"Fly\"}}, {\"added\": {\"name\": \"answer\", \"object\": \"Smart\"}}]"}}, {"model": "auth.permission", "pk": 1, "fields": {"name": "Can add user", "content_type": 1, "codename": "add_user"}}, {"model": "auth.permission", "pk": 2, "fields": {"name": "Can change user", "content_type": 1, "codename": "change_user"}}, {"model": "auth.permission", "pk": 3, "fields": {"name": "Can delete user", "content_type": 1, "codename": "delete_user"}}, {"model": "auth.permission", "pk": 4, "fields": {"name": "Can view user", "content_type": 1, "codename": "view_user"}}, {"model": "auth.permission", "pk": 5, "fields": {"name": "Can add test", "content_type": 2, "codename": "add_test"}}, {"model": "auth.permission", "pk": 6, "fields": {"name": "Can change test", "content_type": 2, "codename": "change_test"}}, {"model": "auth.permission", "pk": 7, "fields": {"name": "Can delete test", "content_type": 2, "codename": "delete_test"}}, {"model": "auth.permission", "pk": 8, "fields": {"name": "Can view test", "content_type": 2, "codename": "view_test"}}, {"model": "auth.permission", "pk": 9, "fields": {"name": "Can add test participant", "content_type": 3, "codename": "add_testparticipant"}}, {"model": "auth.permission", "pk": 10, "fields": {"name": "Can change test participant", "content_type": 3, "codename": "change_testparticipant"}}, {"model": "auth.permission", "pk": 11, "fields": {"name": "Can delete test participant", "content_type": 3, "codename": "delete_testparticipant"}}, {"model": "auth.permission", "pk": 12, "fields": {"name": "Can view test participant", "content_type": 3, "codename": "view_testparticipant"}}, {"model": "auth.permission", "pk": 13, "fields": {"name": "Can add question", "content_type": 4, "codename": "add_question"}}, {"model": "auth.permission", "pk": 14, "fields": {"name": "Can change question", "content_type": 4, "codename": "change_question"}}, {"model": "auth.permission", "pk": 15, "fields": {"name": "Can delete question", "content_type": 4, "codename": "delete_question"}}, {"model": "auth.permission", "pk": 16, "fields": {"name": "Can view question", "content_type": 4, "codename": "view_question"}}, {"model": "auth.permission", "pk": 17, "fields": {"name": "Can add answer", "content_type": 5, "codename": "add_answer"}}, {"model": "auth.permission", "pk": 18, "fields": {"name": "Can change answer", "content_type": 5, "codename": "change_answer"}}, {"model": "auth.permission", "pk": 19, "fields": {"name": "Can delete answer", "content_type": 5, "codename": "delete_answer"}}, {"model": "auth.permission", "pk": 20, "fields": {"name": "Can view answer", "content_type": 5, "codename": "view_answer"}}, {"model": "auth.permission", "pk": 21, "fields": {"name": "Can add log entry", "content_type": 6, "codename": "add_logentry"}}, {"model": "auth.permission", "pk": 22, "fields": {"name": "Can change log entry", "content_type": 6, "codename": "change_logentry"}}, {"model": "auth.permission", "pk": 23, "fields": {"name": "Can delete log entry", "content_type": 6, "codename": "delete_logentry"}}, {"model": "auth.permission", "pk": 24, "fields": {"name": "Can view log entry", "content_type": 6, "codename": "view_logentry"}}, {"model": "auth.permission", "pk": 25, "fields": {"name": "Can add permission", "content_type": 7, "codename": "add_permission"}}, {"model": "auth.permission", "pk": 26, "fields": {"name": "Can change permission", "content_type": 7, "codename": "change_permission"}}, {"model": "auth.permission", "pk": 27, "fields": {"name": "Can delete permission", "content_type": 7, "codename": "delete_permission"}}, {"model": "auth.permission", "pk": 28, "fields": {"name": "Can view permission", "content_type": 7, "codename": "view_permission"}}, {"model": "auth.permission", "pk": 29, "fields": {"name": "Can add group", "content_type": 8, "codename": "add_group"}}, {"model": "auth.permission", "pk": 30, "fields": {"name": "Can change group", "content_type": 8, "codename": "change_group"}}, {"model": "auth.permission", "pk": 31, "fields": {"name": "Can delete group", "content_type": 8, "codename": "delete_group"}}, {"model": "auth.permission", "pk": 32, "fields": {"name": "Can view group", "content_type": 8, "codename": "view_group"}}, {"model": "auth.permission", "pk": 33, "fields": {"name": "Can add content type", "content_type": 9, "codename": "add_contenttype"}}, {"model": "auth.permission", "pk": 34, "fields": {"name": "Can change content type", "content_type": 9, "codename": "change_contenttype"}}, {"model": "auth.permission", "pk": 35, "fields": {"name": "Can delete content type", "content_type": 9, "codename": "delete_contenttype"}}, {"model": "auth.permission", "pk": 36, "fields": {"name": "Can view content type", "content_type": 9, "codename": "view_contenttype"}}, {"model": "auth.permission", "pk": 37, "fields": {"name": "Can add session", "content_type": 10, "codename": "add_session"}}, {"model": "auth.permission", "pk": 38, "fields": {"name": "Can change session", "content_type": 10, "codename": "change_session"}}, {"model": "auth.permission", "pk": 39, "fields": {"name": "Can delete session", "content_type": 10, "codename": "delete_session"}}, {"model": "auth.permission", "pk": 40, "fields": {"name": "Can view session", "content_type": 10, "codename": "view_session"}}, {"model": "contenttypes.contenttype", "pk": 1, "fields": {"app_label": "accounts", "model": "user"}}, {"model": "contenttypes.contenttype", "pk": 2, "fields": {"app_label": "testify", "model": "test"}}, {"model": "contenttypes.contenttype", "pk": 3, "fields": {"app_label": "testify", "model": "testparticipant"}}, {"model": "contenttypes.contenttype", "pk": 4, "fields": {"app_label": "testify", "model": "question"}}, {"model": "contenttypes.contenttype", "pk": 5, "fields": {"app_label": "testify", "model": "answer"}}, {"model": "contenttypes.contenttype", "pk": 6, "fields": {"app_label": "admin", "model": "logentry"}}, {"model": "contenttypes.contenttype", "pk": 7, "fields": {"app_label": "auth", "model": "permission"}}, {"model": "contenttypes.contenttype", "pk": 8, "fields": {"app_label": "auth", "model": "group"}}, {"model": "contenttypes.contenttype", "pk": 9, "fields": {"app_label": "contenttypes", "model": "contenttype"}}, {"model": "contenttypes.contenttype", "pk": 10, "fields": {"app_label": "sessions", "model": "session"}}, {"model": "sessions.session", "pk": "3i2nibtraevmipcsw6zwocah0v0txt49", "fields": {"session_data": ".eJxVjDsOwjAQBe_iGlm2_A0lPWew1rsbHEC2FCdVxN2RpRTQvpl5h0iwbyXtnde0kLgKLS6_WwZ8cR2AnlAfTWKr27pkORR50i7vjfh9O92_gwK9jJo1AGicvbKBJ-MiOh8sYiZlvZ-0wswUPVl0AQwZCMaHqLMlw5Zn8fkC-Rs4Yg:1kWYqr:ejz0Av18B7bke2uQnVU8bN92-lIGXVx3r-1ElwkVEKg", "expire_date": "2020-11-08T05:45:57.069Z"}}, {"model": "sessions.session", "pk": "4lz4ju0oc7lkxswi0qvhebr84jp6wnfr", "fields": {"session_data": ".eJxVjDsOwjAQBe_iGlm2_A0lPWew1rsbHEC2FCdVxN2RpRTQvpl5h0iwbyXtnde0kLgKLS6_WwZ8cR2AnlAfTWKr27pkORR50i7vjfh9O92_gwK9jJo1AGicvbKBJ-MiOh8sYiZlvZ-0wswUPVl0AQwZCMaHqLMlw5Zn8fkC-Rs4Yg:1kTsfO:PKvVRjN607o6wkvtqtF-MrSnjhd2aLddm74WJ1YOb-M", "expire_date": "2020-10-31T20:19:02.899Z"}}, {"model": "sessions.session", "pk": "81zsdz37dtiuxpjo8rdgdnpikpamt1an", "fields": {"session_data": ".eJxVjDsOwjAQBe_iGlm2_A0lPWew1rsbHEC2FCdVxN2RpRTQvpl5h0iwbyXtnde0kLgKLS6_WwZ8cR2AnlAfTWKr27pkORR50i7vjfh9O92_gwK9jJo1AGicvbKBJ-MiOh8sYiZlvZ-0wswUPVl0AQwZCMaHqLMlw5Zn8fkC-Rs4Yg:1kU5QX:JC0QDOyYsUWuv12-i8qKTsGD9O2OQnwd4oV-LoOfw5g", "expire_date": "2020-11-01T09:56:33.000Z"}}, {"model": "sessions.session", "pk": "824qyys32sxrl9bfuafaxahdg9d1byqo", "fields": {"session_data": ".eJxVjDsOwjAQBe_iGlm2_A0lPWew1rsbHEC2FCdVxN2RpRTQvpl5h0iwbyXtnde0kLgKLS6_WwZ8cR2AnlAfTWKr27pkORR50i7vjfh9O92_gwK9jJo1AGicvbKBJ-MiOh8sYiZlvZ-0wswUPVl0AQwZCMaHqLMlw5Zn8fkC-Rs4Yg:1kTvEI:O9KFDiH_sW5nAnr1Ccy29t-Y3hZvHjmwXddk3Jm5Dfg", "expire_date": "2020-10-31T23:03:14.959Z"}}, {"model": "sessions.session", "pk": "bd78i1627pvp3f41rm6fdwqmh4nl14xg", "fields": {"session_data": ".eJxVjDsOwjAQBe_iGlm2_A0lPWew1rsbHEC2FCdVxN2RpRTQvpl5h0iwbyXtnde0kLgKLS6_WwZ8cR2AnlAfTWKr27pkORR50i7vjfh9O92_gwK9jJo1AGicvbKBJ-MiOh8sYiZlvZ-0wswUPVl0AQwZCMaHqLMlw5Zn8fkC-Rs4Yg:1kX0ZR:N6PhSqyBxCTuqyeix7zc7BUea2dfdQFMysXr_UoatMo", "expire_date": "2020-11-09T11:21:49.244Z"}}, {"model": "sessions.session", "pk": "cytyvieras0v9ub71l0mh1ds8elixobn", "fields": {"session_data": ".eJxVjDsOwjAQBe_iGlm2_A0lPWew1rsbHEC2FCdVxN2RpRTQvpl5h0iwbyXtnde0kLgKLS6_WwZ8cR2AnlAfTWKr27pkORR50i7vjfh9O92_gwK9jJo1AGicvbKBJ-MiOh8sYiZlvZ-0wswUPVl0AQwZCMaHqLMlw5Zn8fkC-Rs4Yg:1kXqxQ:mZG_5GmWB2DKvwGxRDf3MnUQyUGFUabsxIa9mxU8LR4", "expire_date": "2020-11-11T19:18:04.246Z"}}]